,Maps,Counts
cilium,"['', 'LB4_SRC_RANGE_MAP', 'maglev_lut', 'SRV6_POLICY_MAP6', 'EGRESS_POLICY_MAP', 'TUNNEL_MAP', 'CAPTURE4_RULES', 'CIDR6_HMAP_NAME', 'LB4_REVERSE_NAT_SK_MAP', 'SNAT_MAPPING_IPV6', 'LB6_BACKEND_MAP_V2', 'LB4_AFFINITY_MAP', 'bytecount_map', 'cilium_capture_cache', 'cilium_xdp_scratch', 'SRV6_SID_MAP', 'CIDR6_LMAP_NAME', 'THROTTLE_MAP', 'SRV6_VRF_MAP6', 'LB4_MAGLEV_MAP_OUTER', 'NODEPORT_NEIGH6', 'METRICS_MAP', 'CIDR4_HMAP_NAME', 'map', 'ENCRYPT_MAP', 'LB6_HEALTH_MAP', 'NODEPORT_NEIGH4', 'CT_TAIL_CALL_BUFFER4', 'SRV6_STATE_MAP4', 'LB6_MAGLEV_MAP_OUTER', 'LB6_SRC_RANGE_MAP', 'SRV6_POLICY_MAP4', 'LB4_HEALTH_MAP', 'CT_TAIL_CALL_BUFFER6', 'EP_POLICY_MAP', 'map_related', 'SRV6_STATE_MAP6', 'LB4_REVERSE_NAT_MAP', 'IP_MASQ_AGENT_IPV4', 'LB4_BACKEND_MAP_V2', 'LB4_SERVICES_MAP_V2', 'LB6_REVERSE_NAT_MAP', 'VTEP_MAP', 'LB6_SERVICES_MAP_V2', 'CAPTURE6_RULES', 'map_main', 'LB6_REVERSE_NAT_SK_MAP', 'SNAT_MAPPING_IPV4', 'LB_AFFINITY_MATCH_MAP', 'LB6_AFFINITY_MAP', 'IPV4_FRAG_DATAGRAMS_MAP', 'CIDR4_LMAP_NAME', 'SRV6_VRF_MAP4', 'ENDPOINTS_MAP']",54
ingress-node-firewall-master,"['iface_stat_map', 'ingress_node_firewall_table_map', 'iface_map', 'iface_ip_map', 'ingress_node_firewall_statistics_map']",5
ebpf-samples,"['', 'map2', 'LB4_SRC_RANGE_MAP', 'maglev_lut', 'SRV6_POLICY_MAP6', 'mptm_tnl_info_map', 'LB4_REVERSE_NAT_SK_MAP', 'bytecount_map', 'cilium_capture_cache', 'global_lru_maps', 'SRV6_SID_MAP', 'LB4_MAGLEV_MAP_OUTER', 'hc_pckt_srcs_map', 'map', 'ingress_node_firewall_statistics_map', 'CT_TAIL_CALL_BUFFER6', 'LB4_BACKEND_MAP_V2', 'rl_drop_count_map', 'map_fd[1]', 'ch_rings', 'nolocal_lru_map', 'rl_ports_map', 'map_fd[4]', 'rl_config_map', 'inner_map', 'cilium_xdp_scratch', 'CIDR6_LMAP_NAME', 'rl_recv_count_map', 'map + 1', 'test_map', 'CIDR4_HMAP_NAME', 'SRV6_POLICY_MAP4', 'EP_POLICY_MAP', 'LB4_REVERSE_NAT_MAP', 'IP_MASQ_AGENT_IPV4', 'lru_mapping', 'LB4_SERVICES_MAP_V2', 'server_id_map', 'lpm_src_v4', 'VTEP_MAP', 'SNAT_MAPPING_IPV4', 'rl_window_map', 'CIDR4_LMAP_NAME', 'reals_stats', 'EGRESS_POLICY_MAP', 'decap_counters', 'CAPTURE4_RULES', 'iface_map', 'ctl_array', 'SNAT_MAPPING_IPV6', 'LB6_BACKEND_MAP_V2', 'ingress_node_firewall_table_map', 'LB6_HEALTH_MAP', 'NODEPORT_NEIGH4', 'SRV6_STATE_MAP4', 'cntrs_array', 'LB4_HEALTH_MAP', 'map_related', 'SRV6_STATE_MAP6', 'hc_pckt_macs', 'prev_prog_map_fd', 'map_fd [0]', 'stats', 'hc_key_map', 'LB6_SERVICES_MAP_V2', 'iface_stat_map', 'LB6_REVERSE_NAT_SK_MAP', 'LB_AFFINITY_MATCH_MAP', 'LB6_AFFINITY_MAP', 'map_fd [3]', 'SRV6_VRF_MAP4', 'iface_ip_map', 'pckt_srcs', 'vip_map', 'TUNNEL_MAP', 'CIDR6_HMAP_NAME', 'lru_map', 'hc_reals_map', 'LB4_AFFINITY_MAP', 'reals', 'THROTTLE_MAP', 'SRV6_VRF_MAP6', 'METRICS_MAP', 'NODEPORT_NEIGH6', 'hc_ctrl_map', 'ENCRYPT_MAP', 'map_fd', 'CT_TAIL_CALL_BUFFER4', 'array_of_maps', 'LB6_MAGLEV_MAP_OUTER', 'LB6_SRC_RANGE_MAP', 'lpm_src_v6', 'hc_stats_map', 'per_hckey_stats', 'LB6_REVERSE_NAT_MAP', 'CAPTURE6_RULES', 'map_main', 'map_fd [2]', 'IPV4_FRAG_DATAGRAMS_MAP', 'decap_dst', 'ctx', 'ENDPOINTS_MAP']",102
bcc,[],0
xdp-mptm-main,"['rl_config_map', 'rl_recv_count_map', 'map_fd [2]', 'rl_window_map', 'map_fd [3]', 'map_fd [0]', 'rl_ports_map', 'mptm_tnl_info_map', 'rl_drop_count_map', 'prev_prog_map_fd', 'map_fd[4]', 'map_fd[1]', 'map_fd']",13
bpf-filter-master,"['cilium_xdp_scratch', 'iface_stat_map', 'ingress_node_firewall_table_map', 'iface_map', 'iface_ip_map', 'ingress_node_firewall_statistics_map']",6
ebpf-ratelimiter-main,"['', 'map2', 'LB4_SRC_RANGE_MAP', 'maglev_lut', 'SRV6_POLICY_MAP6', 'mptm_tnl_info_map', 'LB4_REVERSE_NAT_SK_MAP', 'bytecount_map', 'cilium_capture_cache', 'global_lru_maps', 'SRV6_SID_MAP', 'LB4_MAGLEV_MAP_OUTER', 'hc_pckt_srcs_map', 'map', 'ingress_node_firewall_statistics_map', 'CT_TAIL_CALL_BUFFER6', 'LB4_BACKEND_MAP_V2', 'rl_drop_count_map', 'map_fd[1]', 'ch_rings', 'nolocal_lru_map', 'rl_ports_map', 'map_fd[4]', 'rl_config_map', 'inner_map', 'cilium_xdp_scratch', 'CIDR6_LMAP_NAME', 'rl_recv_count_map', 'map + 1', 'test_map', 'CIDR4_HMAP_NAME', 'SRV6_POLICY_MAP4', 'EP_POLICY_MAP', 'LB4_REVERSE_NAT_MAP', 'IP_MASQ_AGENT_IPV4', 'lru_mapping', 'LB4_SERVICES_MAP_V2', 'server_id_map', 'lpm_src_v4', 'VTEP_MAP', 'SNAT_MAPPING_IPV4', 'rl_window_map', 'CIDR4_LMAP_NAME', 'reals_stats', 'EGRESS_POLICY_MAP', 'decap_counters', 'CAPTURE4_RULES', 'iface_map', 'ctl_array', 'SNAT_MAPPING_IPV6', 'LB6_BACKEND_MAP_V2', 'ingress_node_firewall_table_map', 'LB6_HEALTH_MAP', 'NODEPORT_NEIGH4', 'SRV6_STATE_MAP4', 'cntrs_array', 'LB4_HEALTH_MAP', 'map_related', 'SRV6_STATE_MAP6', 'hc_pckt_macs', 'prev_prog_map_fd', 'map_fd [0]', 'stats', 'hc_key_map', 'LB6_SERVICES_MAP_V2', 'iface_stat_map', 'LB6_REVERSE_NAT_SK_MAP', 'LB_AFFINITY_MATCH_MAP', 'LB6_AFFINITY_MAP', 'map_fd [3]', 'SRV6_VRF_MAP4', 'iface_ip_map', 'pckt_srcs', 'vip_map', 'TUNNEL_MAP', 'CIDR6_HMAP_NAME', 'lru_map', 'hc_reals_map', 'LB4_AFFINITY_MAP', 'reals', 'THROTTLE_MAP', 'SRV6_VRF_MAP6', 'METRICS_MAP', 'NODEPORT_NEIGH6', 'hc_ctrl_map', 'ENCRYPT_MAP', 'map_fd', 'CT_TAIL_CALL_BUFFER4', 'array_of_maps', 'LB6_MAGLEV_MAP_OUTER', 'LB6_SRC_RANGE_MAP', 'lpm_src_v6', 'hc_stats_map', 'per_hckey_stats', 'LB6_REVERSE_NAT_MAP', 'CAPTURE6_RULES', 'map_main', 'map_fd [2]', 'IPV4_FRAG_DATAGRAMS_MAP', 'decap_dst', 'ctx', 'ENDPOINTS_MAP']",102
katran,"['pckt_srcs', 'reals_stats', 'decap_counters', 'vip_map', 'ctl_array', 'lru_map', 'hc_reals_map', 'global_lru_maps', 'reals', 'hc_ctrl_map', 'hc_pckt_srcs_map', 'cntrs_array', 'lpm_src_v6', 'hc_stats_map', 'hc_pckt_macs', 'per_hckey_stats', 'lru_mapping', 'stats', 'server_id_map', 'lpm_src_v4', 'hc_key_map', 'ch_rings', 'decap_dst']",23
