,ebpf-samples,ingress-node-firewall-master,bcc,xdp-mptm-main,bpf-filter-master,katran,cilium,ebpf-ratelimiter-main,ebpf-samples_count,ingress-node-firewall-master_count,bcc_count,xdp-mptm-main_count,bpf-filter-master_count,katran_count,cilium_count,ebpf-ratelimiter-main_count
,[],[],[],[],[],[],[],[],0,0,0,0,0,0,0,0
reals_stats,[],[],[],[],[],[['/home/palani/github/ebpf-projects-annotations/examples/katran/balancer_kern.c']],[],[],0,0,0,0,0,1,0,0
hc_pckt_macs,[],[],[],[],[],[['/home/palani/github/ebpf-projects-annotations/examples/katran/healthchecking_kern.c']],[],[],0,0,0,0,0,1,0,0
server_id_map,[],[],[],[],[],"[['/home/palani/github/ebpf-projects-annotations/examples/katran/pckt_parsing.h'], ['/home/palani/github/ebpf-projects-annotations/examples/katran/balancer_kern.c']]",[],[],0,0,0,0,0,2,0,0
lru_mapping,[],[],[],[],[],[['/home/palani/github/ebpf-projects-annotations/examples/katran/balancer_kern.c']],[],[],0,0,0,0,0,1,0,0
LB4_SRC_RANGE_MAP,[],[],[],[],[],[],[['/home/palani/github/ebpf-projects-annotations/examples/cilium/lib/lb.h']],[],0,0,0,0,0,0,1,0
cntrs_array,[],[],[],[],[],[['/home/palani/github/ebpf-projects-annotations/examples/katran/xdp_pktcntr.c']],[],[],0,0,0,0,0,1,0,0
LB4_REVERSE_NAT_MAP,[],[],[],[],[],[],[['/home/palani/github/ebpf-projects-annotations/examples/cilium/lib/lb.h']],[],0,0,0,0,0,0,1,0
LB_AFFINITY_MATCH_MAP,[],[],[],[],[],[],"[['/home/palani/github/ebpf-projects-annotations/examples/cilium/lib/lb.h'], ['/home/palani/github/ebpf-projects-annotations/examples/cilium/lib/lb.h']]",[],0,0,0,0,0,0,2,0
CIDR6_LMAP_NAME,[],[],[],[],[],[],[['/home/palani/github/ebpf-projects-annotations/examples/cilium/bpf_xdp.c']],[],0,0,0,0,0,0,1,0
SRV6_SID_MAP,[],[],[],[],[],[],[['/home/palani/github/ebpf-projects-annotations/examples/cilium/lib/egress_policies.h']],[],0,0,0,0,0,0,1,0
ENDPOINTS_MAP,[],[],[],[],[],[],"[['/home/palani/github/ebpf-projects-annotations/examples/cilium/lib/eps.h'], ['/home/palani/github/ebpf-projects-annotations/examples/cilium/lib/eps.h']]",[],0,0,0,0,0,0,2,0
SNAT_MAPPING_IPV4,[],[],[],[],[],[],[],[],0,0,0,0,0,0,0,0
SRV6_STATE_MAP4,[],[],[],[],[],[],[['/home/palani/github/ebpf-projects-annotations/examples/cilium/lib/egress_policies.h']],[],0,0,0,0,0,0,1,0
NODEPORT_NEIGH6,[],[],[],[],[],[],"[['/home/palani/github/ebpf-projects-annotations/examples/cilium/lib/nodeport.h'], ['/home/palani/github/ebpf-projects-annotations/examples/cilium/lib/nodeport.h']]",[],0,0,0,0,0,0,2,0
rl_drop_count_map,[],[],[],[],[],[],[],"[['/home/palani/github/opened_extraction/examples/ebpf-ratelimiter-main/ratelimiting_kern.c'], ['/home/palani/github/opened_extraction/examples/ebpf-ratelimiter-main/ratelimiting_kern.c'], ['/home/palani/github/opened_extraction/examples/ebpf-ratelimiter-main/transformed/ratelimiting_kern-TC.c'], ['/home/palani/github/opened_extraction/examples/ebpf-ratelimiter-main/transformed/ratelimiting_kern-TC.c']]",0,0,0,0,0,0,0,4
LB6_SRC_RANGE_MAP,[],[],[],[],[],[],[['/home/palani/github/ebpf-projects-annotations/examples/cilium/lib/lb.h']],[],0,0,0,0,0,0,1,0
LB6_REVERSE_NAT_SK_MAP,[],[],[],[],[],[],"[['/home/palani/github/ebpf-projects-annotations/examples/cilium/bpf_sock.c'], ['/home/palani/github/ebpf-projects-annotations/examples/cilium/bpf_sock.c']]",[],0,0,0,0,0,0,2,0
per_hckey_stats,[],[],[],[],[],[['/home/palani/github/ebpf-projects-annotations/examples/katran/healthchecking_kern.c']],[],[],0,0,0,0,0,1,0,0
ctx,[],[],[],[],[],[],[],[],0,0,0,0,0,0,0,0
stats,[],[],[],[],[],"[['/home/palani/github/ebpf-projects-annotations/examples/katran/balancer_kern.c'], ['/home/palani/github/ebpf-projects-annotations/examples/katran/balancer_kern.c'], ['/home/palani/github/ebpf-projects-annotations/examples/katran/balancer_kern.c'], ['/home/palani/github/ebpf-projects-annotations/examples/katran/balancer_kern.c'], ['/home/palani/github/ebpf-projects-annotations/examples/katran/balancer_kern.c'], ['/home/palani/github/ebpf-projects-annotations/examples/katran/balancer_kern.c'], ['/home/palani/github/ebpf-projects-annotations/examples/katran/balancer_kern.c'], ['/home/palani/github/ebpf-projects-annotations/examples/katran/balancer_kern.c']]",[],[],0,0,0,0,0,8,0,0
rl_config_map,[],[],[],[],[],[],[],"[['/home/palani/github/opened_extraction/examples/ebpf-ratelimiter-main/ratelimiting_kern.c'], ['/home/palani/github/opened_extraction/examples/ebpf-ratelimiter-main/ratelimiting_kern.c'], ['/home/palani/github/opened_extraction/examples/ebpf-ratelimiter-main/transformed/ratelimiting_kern-TC.c'], ['/home/palani/github/opened_extraction/examples/ebpf-ratelimiter-main/transformed/ratelimiting_kern-TC.c']]",0,0,0,0,0,0,0,4
map_main,[],[],[],[],[],[],[],[],0,0,0,0,0,0,0,0
CAPTURE6_RULES,[],[],[],[],[],[],[['/home/palani/github/ebpf-projects-annotations/examples/cilium/lib/pcap.h']],[],0,0,0,0,0,0,1,0
hc_reals_map,[],[],[],[],[],"[['/home/palani/github/ebpf-projects-annotations/examples/katran/healthchecking_ipip.c'], ['/home/palani/github/ebpf-projects-annotations/examples/katran/healthchecking_kern.c']]",[],[],0,0,0,0,0,2,0,0
nolocal_lru_map,[['/home/palani/github/palanik1/ebpf-projects-annotations/projects/ebpf-samples/original_source/map_in_map.c']],[],[],[],[],[],[],[],1,0,0,0,0,0,0,0
global_lru_maps,[],[],[],[],[],[['/home/palani/github/ebpf-projects-annotations/examples/katran/balancer_kern.c']],[],[],0,0,0,0,0,1,0,0
LB6_MAGLEV_MAP_OUTER,[],[],[],[],[],[],[['/home/palani/github/ebpf-projects-annotations/examples/cilium/lib/lb.h']],[],0,0,0,0,0,0,1,0
maglev_lut,[],[],[],[],[],[],"[['/home/palani/github/ebpf-projects-annotations/examples/cilium/lib/lb.h'], ['/home/palani/github/ebpf-projects-annotations/examples/cilium/lib/lb.h']]",[],0,0,0,0,0,0,2,0
CIDR4_LMAP_NAME,[],[],[],[],[],[],[['/home/palani/github/ebpf-projects-annotations/examples/cilium/bpf_xdp.c']],[],0,0,0,0,0,0,1,0
CAPTURE4_RULES,[],[],[],[],[],[],[['/home/palani/github/ebpf-projects-annotations/examples/cilium/lib/pcap.h']],[],0,0,0,0,0,0,1,0
IPV4_FRAG_DATAGRAMS_MAP,[],[],[],[],[],[],[['/home/palani/github/ebpf-projects-annotations/examples/cilium/lib/ipv4.h']],[],0,0,0,0,0,0,1,0
LB6_AFFINITY_MAP,[],[],[],[],[],[],[['/home/palani/github/ebpf-projects-annotations/examples/cilium/lib/lb.h']],[],0,0,0,0,0,0,1,0
ch_rings,[],[],[],[],[],[['/home/palani/github/ebpf-projects-annotations/examples/katran/balancer_kern.c']],[],[],0,0,0,0,0,1,0,0
lru_map,[],[],[],[],[],"[['/home/palani/github/ebpf-projects-annotations/examples/katran/balancer_kern.c'], ['/home/palani/github/ebpf-projects-annotations/examples/katran/pckt_parsing.h']]",[],[],0,0,0,0,0,2,0,0
CT_TAIL_CALL_BUFFER6,[],[],[],[],[],[],"[['/home/palani/github/ebpf-projects-annotations/examples/cilium/bpf_lxc.c'], ['/home/palani/github/ebpf-projects-annotations/examples/cilium/bpf_lxc.c']]",[],0,0,0,0,0,0,2,0
vip_map,[],[],[],[],[],[['/home/palani/github/ebpf-projects-annotations/examples/katran/balancer_kern.c']],[],[],0,0,0,0,0,1,0,0
rl_ports_map,[],[],[],[],[],[],[],"[['/home/palani/github/opened_extraction/examples/ebpf-ratelimiter-main/transformed/ratelimiting_kern-TC.c'], ['/home/palani/github/opened_extraction/examples/ebpf-ratelimiter-main/transformed/ratelimiting_kern-TC.c']]",0,0,0,0,0,0,0,2
mptm_tnl_info_map,[],[],[],"[['/home/palani/github/ebpf-projects-annotations/examples/xdp-mptm-main/src/kernel/mptm.c'], ['/home/palani/github/ebpf-projects-annotations/examples/xdp-mptm-main/src/kernel/mptm.c']]",[],[],[],[],0,0,0,2,0,0,0,0
lpm_src_v6,[],[],[],[],[],[['/home/palani/github/ebpf-projects-annotations/examples/katran/balancer_kern.c']],[],[],0,0,0,0,0,1,0,0
iface_stat_map,[],[],[],[],[['/home/palani/github/ebpf-projects-annotations/examples/bpf-filter-master/ebpf/drop.c']],[],[],[],0,0,0,0,1,0,0,0
hc_pckt_srcs_map,[],[],[],[],[],"[['/home/palani/github/ebpf-projects-annotations/examples/katran/healthchecking_helpers.h'], ['/home/palani/github/ebpf-projects-annotations/examples/katran/healthchecking_helpers.h']]",[],[],0,0,0,0,0,2,0,0
CT_TAIL_CALL_BUFFER4,[],[],[],[],[],[],"[['/home/palani/github/ebpf-projects-annotations/examples/cilium/bpf_lxc.c'], ['/home/palani/github/ebpf-projects-annotations/examples/cilium/bpf_lxc.c']]",[],0,0,0,0,0,0,2,0
map_fd [0],[],[],[],[],[],[],[],[],0,0,0,0,0,0,0,0
map_related,[],[],[],[],[],[],[],[],0,0,0,0,0,0,0,0
CIDR6_HMAP_NAME,[],[],[],[],[],[],[['/home/palani/github/ebpf-projects-annotations/examples/cilium/bpf_xdp.c']],[],0,0,0,0,0,0,1,0
SRV6_POLICY_MAP6,[],[],[],[],[],[],[['/home/palani/github/ebpf-projects-annotations/examples/cilium/lib/egress_policies.h']],[],0,0,0,0,0,0,1,0
cilium_xdp_scratch,[],[],[],[],[],[],"[['/home/palani/github/ebpf-projects-annotations/examples/cilium/include/bpf/ctx/xdp.h'], ['/home/palani/github/ebpf-projects-annotations/examples/cilium/include/bpf/ctx/xdp.h']]",[],0,0,0,0,0,0,2,0
METRICS_MAP,[],[],[],[],[],[],[['/home/palani/github/ebpf-projects-annotations/examples/cilium/lib/metrics.h']],[],0,0,0,0,0,0,1,0
decap_dst,[],[],[],[],[],[['/home/palani/github/ebpf-projects-annotations/examples/katran/balancer_kern.c']],[],[],0,0,0,0,0,1,0,0
map_fd[4],[],[],[],[],[],[],[],[],0,0,0,0,0,0,0,0
ingress_node_firewall_table_map,[],"[['/home/sayandes/ebpf-projects-annotations/projects/ingress-node-firewall-master/original_source/bpf/ingress_node_firewall_kernel.c'], ['/home/sayandes/ebpf-projects-annotations/projects/ingress-node-firewall-master/original_source/bpf/ingress_node_firewall_kernel.c']]",[],[],[],[],[],[],0,2,0,0,0,0,0,0
ENCRYPT_MAP,[],[],[],[],[],[],[['/home/palani/github/ebpf-projects-annotations/examples/cilium/lib/l3.h']],[],0,0,0,0,0,0,1,0
iface_map,[],[],[],[],[['/home/palani/github/ebpf-projects-annotations/examples/bpf-filter-master/ebpf/drop.c']],[],[],[],0,0,0,0,1,0,0,0
SRV6_POLICY_MAP4,[],[],[],[],[],[],[['/home/palani/github/ebpf-projects-annotations/examples/cilium/lib/egress_policies.h']],[],0,0,0,0,0,0,1,0
LB6_HEALTH_MAP,[],[],[],[],[],[],"[['/home/palani/github/ebpf-projects-annotations/examples/cilium/bpf_sock.c'], ['/home/palani/github/ebpf-projects-annotations/examples/cilium/lib/nodeport.h']]",[],0,0,0,0,0,0,2,0
LB6_BACKEND_MAP_V2,[],[],[],[],[],[],[['/home/palani/github/ebpf-projects-annotations/examples/cilium/lib/lb.h']],[],0,0,0,0,0,0,1,0
prev_prog_map_fd,[],[],[],[],[],[],[],[],0,0,0,0,0,0,0,0
hc_stats_map,[],[],[],[],[],"[['/home/palani/github/ebpf-projects-annotations/examples/katran/healthchecking_ipip.c'], ['/home/palani/github/ebpf-projects-annotations/examples/katran/healthchecking_kern.c']]",[],[],0,0,0,0,0,2,0,0
VTEP_MAP,[],[],[],[],[],[],"[['/home/palani/github/ebpf-projects-annotations/examples/cilium/bpf_overlay.c'], ['/home/palani/github/ebpf-projects-annotations/examples/cilium/bpf_host.c'], ['/home/palani/github/ebpf-projects-annotations/examples/cilium/bpf_overlay.c'], ['/home/palani/github/ebpf-projects-annotations/examples/cilium/bpf_lxc.c']]",[],0,0,0,0,0,0,4,0
bytecount_map,[],[],[],[],[],[],[['/home/palani/github/ebpf-projects-annotations/examples/cilium/custom/bytecount.h']],[],0,0,0,0,0,0,1,0
rl_window_map,[],[],[],[],[],[],[],"[['/home/palani/github/opened_extraction/examples/ebpf-ratelimiter-main/ratelimiting_kern.c'], ['/home/palani/github/opened_extraction/examples/ebpf-ratelimiter-main/ratelimiting_kern.c'], ['/home/palani/github/opened_extraction/examples/ebpf-ratelimiter-main/transformed/ratelimiting_kern-TC.c'], ['/home/palani/github/opened_extraction/examples/ebpf-ratelimiter-main/transformed/ratelimiting_kern-TC.c']]",0,0,0,0,0,0,0,4
SRV6_VRF_MAP4,[],[],[],[],[],[],[['/home/palani/github/ebpf-projects-annotations/examples/cilium/lib/egress_policies.h']],[],0,0,0,0,0,0,1,0
reals,[],[],[],[],[],"[['/home/palani/github/ebpf-projects-annotations/examples/katran/balancer_kern.c'], ['/home/palani/github/ebpf-projects-annotations/examples/katran/pckt_parsing.h'], ['/home/palani/github/ebpf-projects-annotations/examples/katran/balancer_kern.c'], ['/home/palani/github/ebpf-projects-annotations/examples/katran/balancer_kern.c']]",[],[],0,0,0,0,0,4,0,0
ctl_array,[],[],[],[],[],"[['/home/palani/github/ebpf-projects-annotations/examples/katran/balancer_helpers.h'], ['/home/palani/github/ebpf-projects-annotations/examples/katran/xdp_pktcntr.c'], ['/home/palani/github/ebpf-projects-annotations/examples/katran/balancer_kern.c']]",[],[],0,0,0,0,0,3,0,0
array_of_maps,[['/home/palani/github/palanik1/ebpf-projects-annotations/projects/ebpf-samples/original_source/map_in_map.c']],[],[],[],[],[],[],[],1,0,0,0,0,0,0,0
pckt_srcs,[],[],[],[],[],"[['/home/palani/github/ebpf-projects-annotations/examples/katran/pckt_encap.h'], ['/home/palani/github/ebpf-projects-annotations/examples/katran/pckt_encap.h']]",[],[],0,0,0,0,0,2,0,0
SRV6_VRF_MAP6,[],[],[],[],[],[],[['/home/palani/github/ebpf-projects-annotations/examples/cilium/lib/egress_policies.h']],[],0,0,0,0,0,0,1,0
map + 1,"[['/home/palani/github/palanik1/ebpf-projects-annotations/projects/ebpf-samples/original_source/badmapptr.c'], ['/home/palani/github/palanik1/ebpf-projects-annotations/projects/ebpf-samples/original_source/twotypes.c'], ['/home/palani/github/palanik1/ebpf-projects-annotations/projects/ebpf-samples/original_source/mapvalue-overrun.c'], ['/home/palani/github/palanik1/ebpf-projects-annotations/projects/ebpf-samples/original_source/twomaps.c']]",[],[],[],[],[],"[['/home/palani/github/ebpf-projects-annotations/examples/cilium/lib/conntrack.h'], ['/home/palani/github/ebpf-projects-annotations/examples/cilium/lib/conntrack.h'], ['/home/palani/github/ebpf-projects-annotations/examples/cilium/lib/conntrack.h'], ['/home/palani/github/ebpf-projects-annotations/examples/cilium/lib/conntrack.h'], ['/home/palani/github/ebpf-projects-annotations/examples/cilium/lib/conntrack.h'], ['/home/palani/github/ebpf-projects-annotations/examples/cilium/lib/conntrack.h'], ['/home/palani/github/ebpf-projects-annotations/examples/cilium/lib/conntrack.h'], ['/home/palani/github/ebpf-projects-annotations/examples/cilium/lib/nat.h'], ['/home/palani/github/ebpf-projects-annotations/examples/cilium/lib/conntrack.h'], ['/home/palani/github/ebpf-projects-annotations/examples/cilium/lib/conntrack.h'], ['/home/palani/github/ebpf-projects-annotations/examples/cilium/lib/conntrack.h'], ['/home/palani/github/ebpf-projects-annotations/examples/cilium/lib/conntrack.h'], ['/home/palani/github/ebpf-projects-annotations/examples/cilium/lib/eps.h'], ['/home/palani/github/ebpf-projects-annotations/examples/cilium/lib/eps.h'], ['/home/palani/github/ebpf-projects-annotations/examples/cilium/lib/policy.h'], ['/home/palani/github/ebpf-projects-annotations/examples/cilium/lib/policy.h']]",[],4,0,0,0,0,0,16,0
EGRESS_POLICY_MAP,[],[],[],[],[],[],[['/home/palani/github/ebpf-projects-annotations/examples/cilium/lib/egress_policies.h']],[],0,0,0,0,0,0,1,0
inner_map,[['/home/palani/github/palanik1/ebpf-projects-annotations/projects/ebpf-samples/original_source/map_in_map.c']],[],[],[],[],[],[],[],1,0,0,0,0,0,0,0
LB6_REVERSE_NAT_MAP,[],[],[],[],[],[],[['/home/palani/github/ebpf-projects-annotations/examples/cilium/lib/lb.h']],[],0,0,0,0,0,0,1,0
map2,[],[],[],[],[],[],[],[],0,0,0,0,0,0,0,0
LB6_SERVICES_MAP_V2,[],[],[],[],[],[],"[['/home/palani/github/ebpf-projects-annotations/examples/cilium/lib/lb.h'], ['/home/palani/github/ebpf-projects-annotations/examples/cilium/lib/lb.h']]",[],0,0,0,0,0,0,2,0
lpm_src_v4,[],[],[],[],[],[['/home/palani/github/ebpf-projects-annotations/examples/katran/balancer_kern.c']],[],[],0,0,0,0,0,1,0,0
LB4_SERVICES_MAP_V2,[],[],[],[],[],[],"[['/home/palani/github/ebpf-projects-annotations/examples/cilium/lib/lb.h'], ['/home/palani/github/ebpf-projects-annotations/examples/cilium/lib/lb.h']]",[],0,0,0,0,0,0,2,0
LB4_BACKEND_MAP_V2,[],[],[],[],[],[],[['/home/palani/github/ebpf-projects-annotations/examples/cilium/lib/lb.h']],[],0,0,0,0,0,0,1,0
SNAT_MAPPING_IPV6,[],[],[],[],[],[],[],[],0,0,0,0,0,0,0,0
map_fd [3],[],[],[],[],[],[],[],[],0,0,0,0,0,0,0,0
CIDR4_HMAP_NAME,[],[],[],[],[],[],[['/home/palani/github/ebpf-projects-annotations/examples/cilium/bpf_xdp.c']],[],0,0,0,0,0,0,1,0
NODEPORT_NEIGH4,[],[],[],[],[],[],"[['/home/palani/github/ebpf-projects-annotations/examples/cilium/lib/nodeport.h'], ['/home/palani/github/ebpf-projects-annotations/examples/cilium/lib/nodeport.h']]",[],0,0,0,0,0,0,2,0
cilium_capture_cache,[],[],[],[],[],[],"[['/home/palani/github/ebpf-projects-annotations/examples/cilium/lib/pcap.h'], ['/home/palani/github/ebpf-projects-annotations/examples/cilium/lib/pcap.h']]",[],0,0,0,0,0,0,2,0
hc_ctrl_map,[],[],[],[],[],"[['/home/palani/github/ebpf-projects-annotations/examples/katran/healthchecking_ipip.c'], ['/home/palani/github/ebpf-projects-annotations/examples/katran/healthchecking_kern.c']]",[],[],0,0,0,0,0,2,0,0
SRV6_STATE_MAP6,[],[],[],[],[],[],[['/home/palani/github/ebpf-projects-annotations/examples/cilium/lib/egress_policies.h']],[],0,0,0,0,0,0,1,0
rl_recv_count_map,[],[],[],[],[],[],[],"[['/home/palani/github/opened_extraction/examples/ebpf-ratelimiter-main/ratelimiting_kern.c'], ['/home/palani/github/opened_extraction/examples/ebpf-ratelimiter-main/ratelimiting_kern.c'], ['/home/palani/github/opened_extraction/examples/ebpf-ratelimiter-main/transformed/ratelimiting_kern-TC.c'], ['/home/palani/github/opened_extraction/examples/ebpf-ratelimiter-main/transformed/ratelimiting_kern-TC.c']]",0,0,0,0,0,0,0,4
iface_ip_map,[],[],[],[],[['/home/palani/github/ebpf-projects-annotations/examples/bpf-filter-master/ebpf/drop.c']],[],[],[],0,0,0,0,1,0,0,0
LB4_HEALTH_MAP,[],[],[],[],[],[],"[['/home/palani/github/ebpf-projects-annotations/examples/cilium/bpf_sock.c'], ['/home/palani/github/ebpf-projects-annotations/examples/cilium/lib/nodeport.h']]",[],0,0,0,0,0,0,2,0
map_fd,[],[],[],[],[],[],[],[],0,0,0,0,0,0,0,0
LB4_AFFINITY_MAP,[],[],[],[],[],[],[['/home/palani/github/ebpf-projects-annotations/examples/cilium/lib/lb.h']],[],0,0,0,0,0,0,1,0
decap_counters,[],[],[],[],[],[['/home/palani/github/ebpf-projects-annotations/examples/katran/decap_kern.c']],[],[],0,0,0,0,0,1,0,0
map_fd[1],[['/home/palani/github/palanik1/ebpf-projects-annotations/projects/ebpf-samples/original_source/badmapptr.c']],[],[],[],[],[],[],[],1,0,0,0,0,0,0,0
TUNNEL_MAP,[],[],[],[],[],[],"[['/home/palani/github/ebpf-projects-annotations/examples/cilium/lib/encap.h'], ['/home/palani/github/ebpf-projects-annotations/examples/cilium/lib/encap.h']]",[],0,0,0,0,0,0,2,0
test_map,[['/home/palani/github/palanik1/ebpf-projects-annotations/projects/ebpf-samples/original_source/nullmapref.c']],[],[],[],[],[],[],[],1,0,0,0,0,0,0,0
hc_key_map,[],[],[],[],[],[['/home/palani/github/ebpf-projects-annotations/examples/katran/healthchecking_kern.c']],[],[],0,0,0,0,0,1,0,0
map,"[['/home/palani/github/palanik1/ebpf-projects-annotations/projects/ebpf-samples/original_source/twotypes.c'], ['/home/palani/github/palanik1/ebpf-projects-annotations/projects/ebpf-samples/original_source/mapvalue-overrun.c'], ['/home/palani/github/palanik1/ebpf-projects-annotations/projects/ebpf-samples/original_source/twomaps.c'], ['/home/palani/github/palanik1/ebpf-projects-annotations/projects/ebpf-samples/original_source/badmapptr.c']]",[],[],[],[],[],"[['/home/palani/github/ebpf-projects-annotations/examples/cilium/lib/conntrack.h'], ['/home/palani/github/ebpf-projects-annotations/examples/cilium/lib/conntrack.h'], ['/home/palani/github/ebpf-projects-annotations/examples/cilium/lib/conntrack.h'], ['/home/palani/github/ebpf-projects-annotations/examples/cilium/lib/conntrack.h'], ['/home/palani/github/ebpf-projects-annotations/examples/cilium/lib/conntrack.h'], ['/home/palani/github/ebpf-projects-annotations/examples/cilium/lib/conntrack.h'], ['/home/palani/github/ebpf-projects-annotations/examples/cilium/lib/conntrack.h'], ['/home/palani/github/ebpf-projects-annotations/examples/cilium/lib/nat.h'], ['/home/palani/github/ebpf-projects-annotations/examples/cilium/lib/conntrack.h'], ['/home/palani/github/ebpf-projects-annotations/examples/cilium/lib/conntrack.h'], ['/home/palani/github/ebpf-projects-annotations/examples/cilium/lib/conntrack.h'], ['/home/palani/github/ebpf-projects-annotations/examples/cilium/lib/conntrack.h'], ['/home/palani/github/ebpf-projects-annotations/examples/cilium/lib/eps.h'], ['/home/palani/github/ebpf-projects-annotations/examples/cilium/lib/eps.h'], ['/home/palani/github/ebpf-projects-annotations/examples/cilium/lib/policy.h'], ['/home/palani/github/ebpf-projects-annotations/examples/cilium/lib/policy.h']]",[],4,0,0,0,0,0,16,0
LB4_MAGLEV_MAP_OUTER,[],[],[],[],[],[],[['/home/palani/github/ebpf-projects-annotations/examples/cilium/lib/lb.h']],[],0,0,0,0,0,0,1,0
IP_MASQ_AGENT_IPV4,[],[],[],[],[],[],[['/home/palani/github/ebpf-projects-annotations/examples/cilium/lib/nodeport.h']],[],0,0,0,0,0,0,1,0
map_fd [2],[],[],[],[],[],[],[],[],0,0,0,0,0,0,0,0
LB4_REVERSE_NAT_SK_MAP,[],[],[],[],[],[],"[['/home/palani/github/ebpf-projects-annotations/examples/cilium/bpf_sock.c'], ['/home/palani/github/ebpf-projects-annotations/examples/cilium/bpf_sock.c']]",[],0,0,0,0,0,0,2,0
ingress_node_firewall_statistics_map,[],[['/home/sayandes/ebpf-projects-annotations/projects/ingress-node-firewall-master/original_source/bpf/ingress_node_firewall_kernel.c']],[],[],[],[],[],[],0,1,0,0,0,0,0,0
THROTTLE_MAP,[],[],[],[],[],[],[['/home/palani/github/ebpf-projects-annotations/examples/cilium/lib/edt.h']],[],0,0,0,0,0,0,1,0
EP_POLICY_MAP,[],[],[],[],[],[],[['/home/palani/github/ebpf-projects-annotations/examples/cilium/lib/eps.h']],[],0,0,0,0,0,0,1,0
,,,,,,,,,13,3,0,2,3,42,99,18
